fuji-vlog-acros-green	vlog	{"contrast": 0.96, "saturation": 0.0, "mono_spread": 0.0, "black_level": 0.0, "white_level": 0.964, "shadow_chroma": 0.0, "highlight_chroma": 0.0, "shadow_hue": 89.9, "highlight_hue": 89.9, "split_angle": 0.0, "skin_ratio": 0.0}	input:vlog,黑白
fuji-vlog-acros-red	vlog	{"contrast": 0.988, "saturation": 0.0, "mono_spread": 0.0, "black_level": 0.0, "white_level": 0.9674, "shadow_chroma": 0.0, "highlight_chroma": 0.0, "shadow_hue": 89.9, "highlight_hue": 89.9, "split_angle": 0.0, "skin_ratio": 0.0}	input:vlog,黑白
fuji-vlog-acros-yellow	vlog	{"contrast": 0.969, "saturation": 0.0, "mono_spread": 0.0, "black_level": 0.0, "white_level": 0.9653, "shadow_chroma": 0.0, "highlight_chroma": 0.0, "shadow_hue": 89.9, "highlight_hue": 89.9, "split_angle": 0.0, "skin_ratio": 0.0}	input:vlog,黑白
fuji-vlog-acros	vlog	{"contrast": 0.96, "saturation": 0.0, "mono_spread": 0.0, "black_level": 0.0, "white_level": 0.9641, "shadow_chroma": 0.0, "highlight_chroma": 0.0, "shadow_hue": 89.9, "highlight_hue": 89.9, "split_angle": 0.0, "skin_ratio": 0.0}	input:vlog,黑白
fuji-vlog-astia	vlog	{"contrast": 0.905, "saturation": 1.165, "mono_spread": 0.9141, "black_level": 0.0, "white_level": 0.9529, "shadow_chroma": 0.0021, "highlight_chroma": 0.002, "shadow_hue": 51.5, "highlight_hue": 51.7, "split_angle": 0.2, "skin_ratio": 1.297}	input:vlog,膚色濃,高飽和
fuji-vlog-classic-chrome	vlog	{"contrast": 1.028, "saturation": 0.848, "mono_spread": 0.703969, "black_level": 0.0, "white_level": 0.9651, "shadow_chroma": 0.0031, "highlight_chroma": 0.0007, "shadow_hue": 204.8, "highlight_hue": 51.5, "split_angle": 153.3, "skin_ratio": 0.958}	input:vlog,低飽和
fuji-vlog-classic-neg	vlog	{"contrast": 1.098, "saturation": 1.154, "mono_spread": 0.910709, "black_level": 0.0, "white_level": 0.9615, "shadow_chroma": 0.0055, "highlight_chroma": 0.0087, "shadow_hue": 166.8, "highlight_hue": 59.2, "split_angle": 107.7, "skin_ratio": 1.473}	input:vlog,分離調色,膚色濃,高飽和
fuji-vlog-eterna-bleach-bypass	vlog	{"contrast": 1.195, "saturation": 0.417, "mono_spread": 0.315792, "black_level": 0.0, "white_level": 0.9747, "shadow_chroma": 0.0039, "highlight_chroma": 0.0003, "shadow_hue": 213.7, "highlight_hue": 51.5, "split_angle": 162.2, "skin_ratio": 0.479}	input:vlog,低飽和,接近去彩,膚色收斂,高對比
fuji-vlog-eterna	vlog	{"contrast": 0.857, "saturation": 0.795, "mono_spread": 0.672073, "black_level": 0.0, "white_level": 0.9505, "shadow_chroma": 0.0009, "highlight_chroma": 0.0007, "shadow_hue": 177.1, "highlight_hue": 51.5, "split_angle": 125.7, "skin_ratio": 0.849}	input:vlog,低對比,低飽和,膚色收斂
fuji-vlog-monochrome-green	vlog	{"contrast": 0.957, "saturation": 0.0, "mono_spread": 0.0, "black_level": 0.0, "white_level": 0.959, "shadow_chroma": 0.0, "highlight_chroma": 0.0, "shadow_hue": 89.9, "highlight_hue": 89.9, "split_angle": 0.0, "skin_ratio": 0.0}	input:vlog,黑白
fuji-vlog-monochrome-red	vlog	{"contrast": 0.993, "saturation": 0.0, "mono_spread": 0.0, "black_level": 0.0, "white_level": 0.9632, "shadow_chroma": 0.0, "highlight_chroma": 0.0, "shadow_hue": 89.9, "highlight_hue": 89.9, "split_angle": 0.0, "skin_ratio": 0.0}	input:vlog,黑白
fuji-vlog-monochrome-yellow	vlog	{"contrast": 0.969, "saturation": 0.0, "mono_spread": 0.0, "black_level": 0.0, "white_level": 0.9606, "shadow_chroma": 0.0, "highlight_chroma": 0.0, "shadow_hue": 89.9, "highlight_hue": 89.9, "split_angle": 0.0, "skin_ratio": 0.0}	input:vlog,黑白
fuji-vlog-monochrome	vlog	{"contrast": 0.957, "saturation": 0.0, "mono_spread": 0.0, "black_level": 0.0, "white_level": 0.9592, "shadow_chroma": 0.0, "highlight_chroma": 0.0, "shadow_hue": 89.9, "highlight_hue": 89.9, "split_angle": 0.0, "skin_ratio": 0.0}	input:vlog,黑白
fuji-vlog-nostalgic-neg	vlog	{"contrast": 0.953, "saturation": 1.163, "mono_spread": 0.841008, "black_level": 0.0, "white_level": 0.9445, "shadow_chroma": 0.0019, "highlight_chroma": 0.0142, "shadow_hue": 33.6, "highlight_hue": 62.3, "split_angle": 28.6, "skin_ratio": 1.458}	input:vlog,暖調,膚色濃,高飽和
fuji-vlog-pro-neg-hi	vlog	{"contrast": 1.051, "saturation": 1.087, "mono_spread": 0.816627, "black_level": 0.0, "white_level": 0.9623, "shadow_chroma": 0.0009, "highlight_chroma": 0.0009, "shadow_hue": 51.4, "highlight_hue": 51.5, "split_angle": 0.1, "skin_ratio": 1.185}	input:vlog
fuji-vlog-pro-neg-std	vlog	{"contrast": 0.873, "saturation": 0.909, "mono_spread": 0.759302, "black_level": 0.0, "white_level": 0.9522, "shadow_chroma": 0.0008, "highlight_chroma": 0.0008, "shadow_hue": 51.4, "highlight_hue": 51.5, "split_angle": 0.1, "skin_ratio": 0.959}	input:vlog,低對比
fuji-vlog-provia	vlog	{"contrast": 0.987, "saturation": 1.216, "mono_spread": 0.885215, "black_level": 0.0, "white_level": 0.9617, "shadow_chroma": 0.001, "highlight_chroma": 0.001, "shadow_hue": 51.4, "highlight_hue": 51.5, "split_angle": 0.1, "skin_ratio": 1.339}	input:vlog,膚色濃,高飽和
fuji-vlog-reala-ace	vlog	{"contrast": 1.057, "saturation": 1.252, "mono_spread": 0.857995, "black_level": 0.0, "white_level": 0.9642, "shadow_chroma": 0.0011, "highlight_chroma": 0.0009, "shadow_hue": 51.3, "highlight_hue": 51.5, "split_angle": 0.1, "skin_ratio": 1.424}	input:vlog,膚色濃,高飽和
fuji-vlog-sepia	vlog	{"contrast": 0.945, "saturation": 0.613, "mono_spread": 0.246567, "black_level": 0.0, "white_level": 0.9535, "shadow_chroma": 0.0547, "highlight_chroma": 0.0298, "shadow_hue": 74.0, "highlight_hue": 74.0, "split_angle": 0.0, "skin_ratio": 2.039}	input:vlog,低飽和,暖調,膚色濃
fuji-vlog-velvia	vlog	{"contrast": 1.082, "saturation": 1.815, "mono_spread": 0.968534, "black_level": 0.0, "white_level": 0.9686, "shadow_chroma": 0.0015, "highlight_chroma": 0.0013, "shadow_hue": 51.3, "highlight_hue": 51.5, "split_angle": 0.1, "skin_ratio": 2.274}	input:vlog,膚色濃,高飽和
ricoh-vlog-bleach-bypass	vlog	{"contrast": 1.251, "saturation": 0.417, "mono_spread": 0.29457, "black_level": 0.0, "white_level": 0.9831, "shadow_chroma": 0.0037, "highlight_chroma": 0.0002, "shadow_hue": 207.4, "highlight_hue": 239.5, "split_angle": 32.0, "skin_ratio": 0.432}	input:vlog,低飽和,接近去彩,膚色收斂,高對比
ricoh-vlog-cinema-green	vlog	{"contrast": 1.06, "saturation": 0.928, "mono_spread": 0.695021, "black_level": 0.0, "white_level": 0.9717, "shadow_chroma": 0.007, "highlight_chroma": 0.008, "shadow_hue": 181.8, "highlight_hue": 211.1, "split_angle": 29.2, "skin_ratio": 0.801}	input:vlog,膚色收斂
ricoh-vlog-cinema-yellow	vlog	{"contrast": 1.064, "saturation": 0.927, "mono_spread": 0.702226, "black_level": 0.0, "white_level": 0.9643, "shadow_chroma": 0.0037, "highlight_chroma": 0.0143, "shadow_hue": 104.8, "highlight_hue": 91.4, "split_angle": 13.4, "skin_ratio": 1.054}	input:vlog,暖調
ricoh-vlog-cross-processing	vlog	{"contrast": 1.164, "saturation": 1.25, "mono_spread": 0.94694, "black_level": 0.0, "white_level": 0.965, "shadow_chroma": 0.0098, "highlight_chroma": 0.0164, "shadow_hue": 198.8, "highlight_hue": 101.8, "split_angle": 97.0, "skin_ratio": 1.36}	input:vlog,分離調色,暖調,膚色濃,高對比,高飽和
ricoh-vlog-hard-monotone	vlog	{"contrast": 1.323, "saturation": 0.0, "mono_spread": 0.0, "black_level": 0.0, "white_level": 0.9828, "shadow_chroma": 0.0, "highlight_chroma": 0.0, "shadow_hue": 89.9, "highlight_hue": 89.9, "split_angle": 0.0, "skin_ratio": 0.0}	input:vlog,高對比,黑白
ricoh-vlog-hdr-tone	vlog	{"contrast": 0.737, "saturation": 0.9, "mono_spread": 0.830304, "black_level": 0.035, "white_level": 0.9782, "shadow_chroma": 0.0007, "highlight_chroma": 0.0009, "shadow_hue": 239.5, "highlight_hue": 239.4, "split_angle": 0.0, "skin_ratio": 0.795}	input:vlog,低對比,膚色收斂
ricoh-vlog-hi-contrast-bw	vlog	{"contrast": 1.671, "saturation": 0.0, "mono_spread": 0.0, "black_level": 0.0, "white_level": 0.9844, "shadow_chroma": 0.0, "highlight_chroma": 0.0, "shadow_hue": 89.9, "highlight_hue": 89.9, "split_angle": 0.0, "skin_ratio": 0.0}	input:vlog,高對比,黑白
ricoh-vlog-monotone	vlog	{"contrast": 1.031, "saturation": 0.0, "mono_spread": 0.0, "black_level": 0.0, "white_level": 0.9791, "shadow_chroma": 0.0, "highlight_chroma": 0.0, "shadow_hue": 89.9, "highlight_hue": 89.9, "split_angle": 0.0, "skin_ratio": 0.0}	input:vlog,黑白
ricoh-vlog-negative-film	vlog	{"contrast": 0.902, "saturation": 0.904, "mono_spread": 0.699243, "black_level": 0.03, "white_level": 0.9724, "shadow_chroma": 0.0022, "highlight_chroma": 0.0056, "shadow_hue": 220.0, "highlight_hue": 75.0, "split_angle": 145.0, "skin_ratio": 0.908}	input:vlog
ricoh-vlog-positive-film	vlog	{"contrast": 1.138, "saturation": 1.596, "mono_spread": 0.888409, "black_level": 0.0, "white_level": 0.981, "shadow_chroma": 0.0012, "highlight_chroma": 0.0008, "shadow_hue": 239.6, "highlight_hue": 239.4, "split_angle": 0.2, "skin_ratio": 1.671}	input:vlog,膚色濃,高飽和
ricoh-vlog-retro	vlog	{"contrast": 0.844, "saturation": 0.662, "mono_spread": 0.556142, "black_level": 0.045, "white_level": 0.9756, "shadow_chroma": 0.0016, "highlight_chroma": 0.0017, "shadow_hue": 59.9, "highlight_hue": 60.2, "split_angle": 0.3, "skin_ratio": 0.708}	input:vlog,低對比,低飽和,膚色收斂,霧面
ricoh-vlog-soft-monotone	vlog	{"contrast": 0.731, "saturation": 0.0, "mono_spread": 0.0, "black_level": 0.045, "white_level": 0.9503, "shadow_chroma": 0.0, "highlight_chroma": 0.0, "shadow_hue": 89.9, "highlight_hue": 89.9, "split_angle": 0.0, "skin_ratio": 0.0}	input:vlog,低對比,霧面,黑白
ricoh-vlog-standard	vlog	{"contrast": 1.045, "saturation": 1.108, "mono_spread": 0.819618, "black_level": 0.0, "white_level": 0.979, "shadow_chroma": 0.0009, "highlight_chroma": 0.0008, "shadow_hue": 239.6, "highlight_hue": 239.4, "split_angle": 0.1, "skin_ratio": 1.081}	input:vlog
ricoh-vlog-vivid	vlog	{"contrast": 1.113, "saturation": 1.519, "mono_spread": 0.937891, "black_level": 0.0, "white_level": 0.9804, "shadow_chroma": 0.0011, "highlight_chroma": 0.001, "shadow_hue": 239.6, "highlight_hue": 239.4, "split_angle": 0.2, "skin_ratio": 1.568}	input:vlog,膚色濃,高飽和
sony-vlog-bw	vlog	{"contrast": 0.998, "saturation": 0.0, "mono_spread": 0.0, "black_level": 0.0, "white_level": 0.9718, "shadow_chroma": 0.0, "highlight_chroma": 0.0, "shadow_hue": 89.9, "highlight_hue": 89.9, "split_angle": 0.0, "skin_ratio": 0.0}	input:vlog,黑白
sony-vlog-fl	vlog	{"contrast": 1.076, "saturation": 1.004, "mono_spread": 0.84503, "black_level": 0.0, "white_level": 0.9757, "shadow_chroma": 0.0032, "highlight_chroma": 0.0, "shadow_hue": 250.0, "highlight_hue": 89.9, "split_angle": 160.1, "skin_ratio": 0.982}	input:vlog
sony-vlog-fl2	vlog	{"contrast": 1.12, "saturation": 0.923, "mono_spread": 0.718636, "black_level": 0.0, "white_level": 0.9631, "shadow_chroma": 0.0016, "highlight_chroma": 0.0094, "shadow_hue": 258.3, "highlight_hue": 77.0, "split_angle": 178.7, "skin_ratio": 1.097}	input:vlog
sony-vlog-fl3	vlog	{"contrast": 0.805, "saturation": 1.026, "mono_spread": 0.838873, "black_level": 0.0002, "white_level": 0.9665, "shadow_chroma": 0.0, "highlight_chroma": 0.0, "shadow_hue": 89.9, "highlight_hue": 89.9, "split_angle": 0.0, "skin_ratio": 1.013}	input:vlog,低對比
sony-vlog-in	vlog	{"contrast": 0.734, "saturation": 0.702, "mono_spread": 0.570937, "black_level": 0.0554, "white_level": 0.9491, "shadow_chroma": 0.0015, "highlight_chroma": 0.0076, "shadow_hue": 148.2, "highlight_hue": 68.5, "split_angle": 79.7, "skin_ratio": 0.798}	input:vlog,低對比,低飽和,膚色收斂,霧面
sony-vlog-nt	vlog	{"contrast": 0.901, "saturation": 0.77, "mono_spread": 0.64011, "black_level": 0.0, "white_level": 0.9648, "shadow_chroma": 0.0, "highlight_chroma": 0.0, "shadow_hue": 89.9, "highlight_hue": 89.9, "split_angle": 0.0, "skin_ratio": 0.777}	input:vlog,低飽和,膚色收斂
sony-vlog-pt	vlog	{"contrast": 0.918, "saturation": 0.913, "mono_spread": 0.782937, "black_level": 0.0, "white_level": 0.9647, "shadow_chroma": 0.0015, "highlight_chroma": 0.0015, "shadow_hue": 62.2, "highlight_hue": 62.4, "split_angle": 0.2, "skin_ratio": 0.976}	input:vlog
sony-vlog-se	vlog	{"contrast": 0.966, "saturation": 0.553, "mono_spread": 0.224582, "black_level": 0.0, "white_level": 0.9657, "shadow_chroma": 0.0494, "highlight_chroma": 0.0247, "shadow_hue": 68.0, "highlight_hue": 68.0, "split_angle": 0.0, "skin_ratio": 1.84}	input:vlog,低飽和,暖調,膚色濃
sony-vlog-sh	vlog	{"contrast": 0.606, "saturation": 1.032, "mono_spread": 0.843081, "black_level": 0.001, "white_level": 0.9414, "shadow_chroma": 0.0, "highlight_chroma": 0.0, "shadow_hue": 89.9, "highlight_hue": 89.9, "split_angle": 0.0, "skin_ratio": 0.955}	input:vlog,低對比
sony-vlog-st	vlog	{"contrast": 0.966, "saturation": 1.033, "mono_spread": 0.829899, "black_level": 0.0, "white_level": 0.9698, "shadow_chroma": 0.0, "highlight_chroma": 0.0, "shadow_hue": 89.9, "highlight_hue": 89.9, "split_angle": 0.0, "skin_ratio": 1.058}	input:vlog
sony-vlog-vv	vlog	{"contrast": 1.059, "saturation": 1.481, "mono_spread": 0.948925, "black_level": 0.0, "white_level": 0.975, "shadow_chroma": 0.0, "highlight_chroma": 0.0, "shadow_hue": 89.9, "highlight_hue": 89.9, "split_angle": 0.0, "skin_ratio": 1.536}	input:vlog,膚色濃,高飽和
sony-vlog-vv2	vlog	{"contrast": 0.987, "saturation": 1.549, "mono_spread": 0.958039, "black_level": 0.0, "white_level": 0.9742, "shadow_chroma": 0.0, "highlight_chroma": 0.0, "shadow_hue": 89.9, "highlight_hue": 89.9, "split_angle": 0.0, "skin_ratio": 1.594}	input:vlog,膚色濃,高飽和
